date	open	high	low	close
2010-07-21	21	21	20	20
2010-06-30	26	30	23	24
2010-07-15	20	22	19	20
2010-07-27	21	21	20	21
2010-07-19	21	22	21	22
2010-07-23	21	22	21	21
2010-07-28	21	21	21	21
2010-08-02	21	21	20	21
2010-07-29	21	21	20	20
2010-08-03	21	22	21	22
2010-08-06	20	20	20	20
2010-08-04	22	22	21	21
2010-08-09	20	20	19	20
2010-08-12	18	18	17	18
2010-08-10	20	20	19	19
2010-08-13	18	18	18	18
2010-08-16	18	19	18	19
2010-08-19	19	19	18	19
2010-08-17	19	19	19	19
2010-08-20	19	19	19	19
2010-08-23	19	20	19	20
2010-08-26	20	20	20	20
2010-08-24	19	20	19	19
2010-08-27	20	20	20	20
2010-08-30	20	20	20	20
2010-09-02	20	21	20	21
2010-08-31	20	20	19	19
2010-09-03	21	21	21	21
2010-09-07	21	21	21	21
2010-09-08	21	21	21	21
2010-09-09	21	21	21	21
2010-09-10	21	21	20	20
2010-09-13	21	21	21	21
2010-09-14	21	22	21	21
2010-09-15	21	22	21	22
2010-09-16	22	23	21	21
2010-09-17	21	21	20	20
2010-09-20	21	21	20	21
2010-09-21	21	22	21	21
2010-09-22	21	21	20	20
2010-09-23	20	20	20	20
2010-09-28	21	21	21	21
2010-09-24	20	20	20	20
2010-09-29	21	22	21	22
2010-09-30	22	22	20	20
2010-10-01	21	21	20	21
2010-10-06	21	21	20	20
2010-10-04	20	21	20	21
2010-10-07	21	21	20	20
2010-10-08	20	21	20	20
2010-10-11	20	21	20	20
2010-10-14	21	21	20	21
2010-10-12	20	20	20	20
2010-10-15	21	21	20	21
2010-10-18	21	21	20	20
2010-10-19	20	20	20	20
2010-10-22	21	21	21	21
2010-10-20	20	21	20	21
2010-10-25	21	21	21	21
2010-10-26	21	22	21	21
2010-10-27	21	21	21	21
2010-10-28	21	22	21	21
2010-10-29	21	22	21	22
2010-11-01	22	23	21	21
2010-11-02	22	22	21	21
2010-11-03	21	23	21	22
2010-11-04	23	25	22	25
2010-11-05	25	25	24	24
2010-11-08	25	25	24	25
2010-11-09	25	26	24	25
2010-11-10	24	30	24	29
2010-11-11	29	29	27	28
2010-11-12	28	31	28	30
2010-11-15	30	33	30	31
2010-11-16	31	31	28	30
2010-11-17	30	31	29	29
2010-11-18	31	31	29	30
2010-11-19	30	31	30	31
2010-11-22	32	33	32	33
2010-11-23	33	36	32	35
2010-11-24	35	36	34	35
2010-11-26	36	36	35	35
2010-11-29	35	36	33	34
2010-11-30	34	35	33	35
2010-12-01	36	36	33	34
2010-12-02	34	34	31	32
2010-12-03	32	32	31	31
2010-12-06	31	31	30	30
2010-12-07	30	32	30	32
2010-12-08	32	32	32	32
2010-12-09	33	33	32	32
2010-12-10	32	33	31	32
2010-12-13	32	32	30	31
2010-12-14	30	30	28	29
2010-12-15	29	30	29	30
2010-12-16	30	31	30	31
2010-12-17	31	32	31	31
2010-12-20	32	32	31	32
2010-12-21	32	33	32	32
2010-12-22	32	33	32	33
2010-12-23	31	32	30	30
2010-12-29	27	28	27	28
2010-12-27	28	29	25	26
2010-12-30	28	28	26	27
2010-12-31	27	27	27	27
2011-01-03	27	27	26	27
2011-01-04	27	27	26	27
2011-01-07	28	29	28	28
2011-01-05	26	27	26	27
2011-01-10	28	29	28	28
2011-01-11	29	29	27	27
2011-01-12	27	27	27	27
2011-01-13	27	27	26	26
2011-01-19	25	25	24	24
2011-01-14	26	27	26	26
2011-01-20	24	24	22	23
2011-01-21	23	24	23	23
2011-01-24	24	25	23	24
2011-01-25	25	25	24	25
2011-01-28	25	25	24	24
2011-01-26	25	25	24	25
2011-01-31	24	24	24	24
2011-02-01	24	25	24	24
2011-02-02	24	24	24	24
2011-02-03	24	24	23	24
2011-02-04	23	24	23	23
2011-02-07	23	23	23	23
2011-02-08	24	25	23	24
2011-02-09	24	24	23	23
2011-02-10	23	24	23	23
2011-02-11	23	24	23	23
2011-02-14	24	24	23	23
2011-02-15	23	23	23	23
2011-02-16	23	25	23	25
2011-02-17	25	25	24	24
2011-02-18	23	23	23	23
2011-02-22	23	23	22	22
2011-02-23	22	23	21	22
2011-02-24	22	23	22	23
2011-02-25	23	24	23	24
2011-02-28	24	24	24	24
2011-03-01	24	24	24	24
2011-03-02	24	24	24	24
2011-03-03	24	25	24	24
2011-03-04	24	25	24	25
2011-03-07	25	25	25	25
2011-03-08	25	25	24	25
2011-03-09	25	25	24	25
2011-03-10	24	24	24	24
2011-03-11	24	24	24	24
2011-03-14	24	24	23	23
2011-03-15	22	23	22	23
2011-03-16	23	23	23	23
2011-03-17	23	23	23	23
2011-03-18	23	23	23	23
2011-03-21	23	23	23	23
2011-03-22	23	23	22	22
2011-03-23	22	22	22	22
2011-03-24	22	22	22	22
2011-03-25	22	23	22	23
2011-03-28	23	24	23	23
2011-03-29	23	24	23	24
2011-03-30	24	24	23	24
2011-03-31	27	29	27	28
2011-04-01	27	28	27	27
2011-04-04	27	27	25	26
2011-04-05	26	27	26	27
2011-04-06	27	27	26	26
2011-04-07	27	28	26	27
2011-04-08	28	28	26	26
2011-04-11	26	27	25	25
2011-04-12	25	25	24	25
2011-04-13	25	26	25	25
2011-04-14	25	25	24	25
2011-04-15	26	26	25	26
2011-04-18	25	26	24	25
2011-04-19	25	25	25	25
2011-04-20	26	26	25	26
2011-04-21	26	27	26	27
2011-04-25	27	27	26	26
2011-04-26	27	27	26	27
2011-04-27	27	27	27	27
2011-04-28	27	28	27	28
2011-04-29	28	28	27	28
2011-05-02	28	28	27	27
2011-05-03	27	27	27	27
2011-05-04	27	27	26	27
2011-05-05	27	27	26	26
2011-05-06	27	28	27	27
2011-05-09	27	28	27	28
2011-05-10	28	29	28	28
2011-05-11	28	28	27	27
2011-05-12	27	28	27	28
2011-05-13	28	28	27	28
2011-05-16	28	28	27	27
2011-05-17	27	27	26	26
2011-05-18	26	26	26	26
2011-05-19	27	28	27	28
2011-05-20	28	28	27	28
2011-05-23	28	28	27	27
2011-05-24	27	28	27	27
2011-05-25	27	29	26	29
2011-05-26	29	30	28	29
2011-05-27	30	30	29	30
2011-05-31	30	30	30	30
2011-06-01	30	30	28	29
2011-06-02	29	29	29	29
2011-06-03	30	32	30	30
2011-06-06	29	30	28	29
2011-06-07	29	29	28	28
2011-06-08	28	29	27	27
2011-06-09	27	28	27	28
2011-06-10	28	28	27	28
2011-06-13	28	29	28	28
2011-06-14	29	30	29	29
2011-06-15	28	28	27	27
2011-06-16	28	28	26	27
2011-06-17	27	28	26	27
2011-06-20	26	26	26	26
2011-06-21	26	28	26	28
2011-06-22	27	28	27	27
2011-06-23	27	28	26	28
2011-06-24	28	28	27	28
2011-06-27	28	28	27	27
2011-06-28	28	28	28	28
2011-07-01	29	30	29	29
2011-06-29	29	29	28	28
2011-07-05	29	30	29	29
2011-07-06	29	29	29	29
2011-07-07	29	30	29	30
2011-07-08	30	30	29	29
2011-07-11	28	29	28	28
2011-07-14	29	29	27	28
2011-07-12	28	29	28	28
2011-07-15	28	28	27	28
2011-07-18	27	27	27	27
2011-07-19	28	28	28	28
2011-07-20	28	30	28	29
2011-07-21	29	29	28	29
2011-07-26	28	29	28	28
2011-07-22	29	30	29	29
2011-07-27	29	29	28	28
2011-07-28	28	29	28	28
2011-07-29	28	28	28	28
2011-08-01	29	29	28	29
2011-08-02	29	29	27	27
2011-08-05	25	25	23	24
2011-08-03	28	28	26	27
2011-08-08	23	24	23	24
2011-08-09	24	25	24	25
2011-08-10	25	25	24	24
2011-08-11	24	26	24	25
2011-08-12	26	27	25	26
2011-08-15	27	27	26	26
2011-08-16	26	27	26	26
2011-08-17	26	27	26	26
2011-08-18	25	25	23	24
2011-08-19	24	24	22	22
2011-08-22	23	24	22	22
2011-08-23	22	23	22	23
2011-08-24	23	24	23	24
2011-08-25	24	24	23	23
2011-08-26	23	24	22	24
2011-08-29	24	25	24	25
2011-08-30	25	25	24	25
2011-08-31	25	26	24	25
2011-09-01	25	25	24	24
2011-09-02	24	24	23	23
2011-09-06	23	23	22	23
2011-09-07	23	24	23	24
2011-09-08	24	24	23	24
2011-09-09	23	24	23	23
2011-09-12	23	23	22	23
2011-09-13	23	24	23	24
2011-09-14	24	25	24	24
2011-09-15	25	25	24	25
2011-09-16	25	26	24	26
2011-09-19	25	26	24	26
2011-09-20	26	27	26	26
2011-09-21	26	27	26	26
2011-09-22	26	26	25	26
2011-09-23	25	27	25	26
2011-09-26	27	27	25	26
2011-09-27	26	27	26	26
2011-09-28	26	27	25	25
2011-09-29	26	26	24	24
2011-09-30	25	25	23	24
2011-10-03	25	25	23	24
2011-10-04	23	24	23	24
2011-10-05	24	26	23	25
2011-10-06	25	28	25	27
2011-10-07	27	28	26	27
2011-10-10	27	28	27	28
2011-10-11	28	28	27	28
2011-10-12	27	28	27	28
2011-10-13	28	28	27	28
2011-10-14	28	29	27	28
2011-10-17	28	28	27	27
2011-10-18	27	28	27	28
2011-10-19	28	28	27	28
2011-10-20	27	27	27	27
2011-10-21	27	28	27	28
2011-10-24	28	29	28	29
2011-10-25	28	29	28	28
2011-10-26	28	28	27	28
2011-10-27	28	29	28	29
2011-10-28	29	30	28	30
2011-10-31	30	30	29	29
2011-11-01	28	29	28	29
2011-11-02	29	29	28	29
2011-11-03	30	32	30	32
2011-11-04	31	32	31	32
2011-11-07	32	32	31	31
2011-11-08	31	32	31	32
2011-11-09	31	31	30	31
2011-11-10	31	32	31	31
2011-11-11	32	35	31	34
2011-11-14	33	34	33	33
2011-11-15	33	34	33	34
2011-11-16	33	35	33	35
2011-11-17	35	35	33	34
2011-11-18	34	34	33	33
2011-11-21	32	32	31	32
2011-11-22	32	33	31	32
2011-11-23	32	32	31	31
2011-11-25	32	32	31	32
2011-11-28	32	33	32	33
2011-11-29	32	33	32	32
2011-11-30	33	33	32	33
2011-12-01	33	34	32	33
2011-12-02	33	34	32	33
2011-12-05	34	35	33	34
2011-12-06	34	35	34	35
2011-12-07	35	35	34	34
2011-12-08	31	32	30	31
2011-12-09	31	31	30	31
2011-12-12	30	31	30	30
2011-12-13	31	31	29	29
2011-12-14	30	30	28	29
2011-12-15	29	29	28	29
2011-12-16	29	29	28	28
2011-12-19	28	29	27	28
2011-12-20	28	28	28	28
2011-12-21	28	28	26	28
2011-12-22	28	28	27	28
2011-12-23	28	28	28	28
2011-12-27	28	29	28	29
2011-12-28	29	29	28	29
2011-12-29	29	29	29	29
2011-12-30	28	29	28	29
2012-01-03	29	30	28	28
2012-01-04	28	29	28	28
2012-01-05	28	28	27	27
2012-01-06	27	28	26	27
2012-01-09	27	27	26	27
2012-01-10	27	28	27	28
2012-01-11	28	28	27	28
2012-01-12	28	29	28	28
2012-01-13	28	29	23	23
2012-01-17	27	27	26	27
2012-01-18	27	27	26	27
2012-01-19	27	28	27	27
2012-01-20	27	27	26	27
2012-01-23	27	27	27	27
2012-01-24	27	28	26	27
2012-01-25	27	28	27	28
2012-01-26	28	30	28	29
2012-01-27	29	30	29	29
2012-01-30	29	30	29	30
2012-01-31	30	30	29	29
2012-02-01	29	30	29	30
2012-02-02	30	31	30	30
2012-02-03	30	31	30	31
2012-02-06	31	32	31	32
2012-02-07	32	32	31	32
2012-02-08	32	32	31	32
2012-02-09	32	33	31	33
2012-02-10	32	32	30	31
2012-02-13	32	32	31	31
2012-02-14	32	34	31	33
2012-02-15	33	34	32	34
2012-02-16	34	35	33	34
2012-02-17	34	35	34	35
2012-02-21	35	35	34	35
2012-02-22	35	35	33	34
2012-02-23	34	35	34	35
2012-02-24	34	35	33	34
2012-02-27	33	34	33	34
2012-02-28	34	34	33	34
2012-02-29	34	34	33	33
2012-03-01	34	35	33	34
2012-03-02	34	35	34	34
2012-03-05	34	34	33	34
2012-03-06	33	33	33	33
2012-03-07	33	33	33	33
2012-03-08	33	33	33	33
2012-03-09	33	35	33	35
2012-03-12	35	36	35	36
2012-03-13	37	37	36	36
2012-03-14	36	36	35	35
2012-03-15	35	35	35	35
2012-03-16	35	36	35	35
2012-03-19	35	35	35	35
2012-03-20	35	35	35	35
2012-03-21	35	35	35	35
2012-03-22	35	35	34	34
2012-03-23	34	35	33	34
2012-03-26	36	38	35	37
2012-03-27	37	40	37	38
2012-03-28	38	38	37	38
2012-03-29	38	38	37	37
2012-03-30	38	38	37	37
2012-04-02	37	38	37	37
2012-04-03	37	38	37	38
2012-04-04	35	35	35	35
2012-04-05	35	35	34	34
2012-04-09	34	34	33	33
2012-04-10	33	34	32	32
2012-04-11	33	33	32	33
2012-04-12	34	34	33	33
2012-04-13	34	34	33	34
2012-04-16	33	34	32	32
2012-04-17	32	33	32	32
2012-04-18	32	33	32	33
2012-04-19	33	33	33	33
2012-04-20	33	34	33	33
2012-04-23	33	33	32	32
2012-04-24	32	32	31	32
2012-04-25	32	33	32	33
2012-04-26	33	34	33	33
2012-04-27	34	34	33	33
2012-04-30	33	33	33	33
2012-05-01	33	34	33	34
2012-05-02	34	34	33	34
2012-05-03	34	34	32	32
2012-05-04	32	32	31	32
2012-05-07	32	33	32	32
2012-05-08	33	33	29	30
2012-05-09	30	31	30	30
2012-05-10	33	35	32	33
2012-05-11	32	33	32	32
2012-05-14	32	32	30	30
2012-05-15	30	31	29	29
2012-05-16	30	30	29	29
2012-05-17	29	30	28	29
2012-05-18	28	28	27	28
2012-05-21	28	29	27	29
2012-05-22	30	31	30	31
2012-05-23	31	31	30	31
2012-05-24	31	31	30	30
2012-05-25	30	30	29	30
2012-05-29	30	32	30	32
2012-05-30	31	31	30	30
2012-05-31	30	30	29	30
2012-06-01	29	29	28	28
2012-06-04	28	28	27	28
2012-06-05	28	28	28	28
2012-06-06	28	29	28	29
2012-06-07	30	30	29	29
2012-06-08	29	30	28	30
2012-06-11	30	31	29	29
2012-06-12	29	30	29	30
2012-06-13	30	31	29	30
2012-06-14	30	31	29	29
2012-06-15	29	30	29	30
2012-06-18	30	32	30	32
2012-06-19	32	33	32	32
2012-06-20	34	35	33	34
2012-06-21	34	34	32	32
2012-06-22	33	34	32	34
2012-06-25	34	34	33	33
2012-06-26	32	32	31	32
2012-06-27	32	32	32	32
2012-06-28	32	32	31	31
2012-06-29	33	33	31	31
2012-07-02	31	32	30	30
2012-07-03	31	31	30	31
2012-07-09	31	32	31	31
2012-07-05	31	32	31	31
2012-07-10	32	32	31	31
2012-07-11	32	32	31	32
2012-07-12	31	33	31	33
2012-07-13	33	34	33	34
2012-07-16	34	36	34	36
2012-07-17	35	35	32	33
2012-07-20	32	32	31	32
2012-07-18	31	34	31	32
2012-07-23	31	31	31	31
2012-07-24	31	31	30	30
2012-07-25	30	30	29	29
2012-07-26	30	30	28	28
2012-07-27	29	30	28	30
2012-07-30	30	30	27	27
2012-08-02	27	27	26	26
2012-07-31	28	28	27	27
2012-08-03	27	28	27	27
2012-08-06	28	29	28	28
2012-08-07	29	31	29	30
2012-08-08	30	30	29	29
2012-08-09	30	30	29	29
2012-08-10	29	30	29	30
2012-08-15	29	30	29	29
2012-08-13	30	31	29	31
2012-08-16	30	30	30	30
2012-08-17	30	31	30	30
2012-08-20	30	30	29	30
2012-08-21	30	30	29	29
2012-08-22	29	30	29	30
2012-08-23	30	31	30	31
2012-08-24	30	30	29	30
2012-08-27	30	30	28	28
2012-08-28	28	29	28	29
2012-08-29	28	29	28	28
2012-08-30	29	29	28	28
2012-08-31	29	29	28	29
2012-09-04	29	29	28	28
2012-09-05	28	29	28	28
2012-09-06	28	29	28	29
2012-09-07	29	30	29	29
2012-09-10	29	29	27	27
2012-09-11	28	28	27	28
2012-09-12	28	29	28	28
2012-09-13	29	30	28	29
2012-09-14	30	31	30	30
2012-09-17	32	33	32	33
2012-09-18	32	32	31	31
2012-09-19	31	32	31	31
2012-09-20	31	32	31	31
2012-09-21	31	31	30	30
2012-09-24	30	31	29	31
2012-09-25	29	29	28	28
2012-09-26	28	28	27	28
2012-09-27	28	29	28	28
2012-09-28	29	30	29	29
2012-10-01	30	30	29	29
2012-10-02	29	30	29	30
2012-10-03	30	30	29	29
2012-10-04	30	30	29	29
2012-10-05	30	30	29	29
2012-10-08	29	29	29	29
2012-10-09	29	29	28	28
2012-10-10	28	29	28	28
2012-10-11	29	29	28	28
2012-10-12	28	29	28	28
2012-10-15	28	28	27	27
2012-10-16	28	28	27	28
2012-10-17	28	29	28	29
2012-10-18	29	29	28	28
2012-10-19	28	28	27	28
2012-10-22	28	28	27	28
2012-10-23	27	29	27	28
2012-10-24	29	29	27	27
2012-10-25	28	28	27	28
2012-10-26	28	28	27	27
2012-10-31	28	28	27	28
2012-11-01	28	29	28	29
2012-11-02	29	30	29	29
2012-11-05	30	32	29	32
2012-11-06	31	31	30	31
2012-11-07	31	32	31	32
2012-11-08	31	32	31	31
2012-11-09	31	31	30	30
2012-11-12	30	31	30	31
2012-11-13	31	32	31	32
2012-11-14	32	32	31	31
2012-11-15	31	31	31	31
2012-11-16	31	32	31	32
2012-11-19	32	33	32	33
2012-11-20	33	33	32	33
2012-11-21	33	33	32	32
2012-11-23	33	33	32	32
2012-11-26	32	32	32	32
2012-11-27	32	33	32	32
2012-11-28	32	34	32	33
2012-11-29	33	34	33	34
2012-11-30	34	34	33	34
2012-12-03	34	35	34	35
2012-12-04	34	35	34	34
2012-12-05	34	34	34	34
2012-12-06	34	35	34	34
2012-12-07	34	34	34	34
2012-12-10	34	35	34	35
2012-12-11	35	36	34	35
2012-12-12	35	36	35	35
2012-12-13	35	35	33	34
2012-12-14	34	34	34	34
2012-12-17	34	35	34	34
2012-12-18	34	35	34	35
2012-12-19	35	35	35	35
2012-12-20	35	35	34	34
2012-12-21	34	34	34	34
2012-12-24	34	34	34	34
2012-12-26	34	35	34	34
2012-12-27	34	34	33	34
2012-12-28	33	34	33	33
2012-12-31	33	34	33	34
2013-01-02	35	35	35	35
2013-01-03	35	35	35	35
2013-01-04	35	35	34	34
2013-01-07	35	35	34	34
2013-01-08	35	35	33	34
2013-01-09	34	34	33	34
2013-01-10	34	34	33	34
2013-01-11	34	34	32	33
2013-01-14	33	33	33	33
2013-01-15	33	34	33	34
2013-01-16	34	34	34	34
2013-01-17	34	35	34	34
2013-01-18	35	35	34	35
2013-01-22	35	36	34	35
2013-01-23	35	36	35	36
2013-01-24	36	38	36	37
2013-01-25	37	38	37	37
2013-01-28	37	39	37	38
2013-01-29	38	38	37	38
2013-01-30	38	38	37	38
2013-01-31	38	38	37	38
2013-02-01	38	39	38	38
2013-02-04	38	38	38	38
2013-02-05	38	39	38	38
2013-02-06	38	39	38	39
2013-02-07	39	40	39	39
2013-02-08	39	40	39	39
2013-02-11	38	39	38	38
2013-02-12	38	39	37	38
2013-02-13	38	39	38	38
2013-02-14	39	39	38	38
2013-02-15	39	39	37	37
2013-02-19	37	39	37	39
2013-02-20	39	40	38	39
2013-02-21	36	37	35	35
2013-02-22	36	36	36	36
2013-02-25	36	37	34	34
2013-02-26	34	35	34	34
2013-02-27	34	35	34	35
2013-02-28	36	36	34	35
2013-03-01	35	35	34	35
2013-03-04	35	36	35	36
2013-03-05	36	37	36	37
2013-03-06	37	38	37	38
2013-03-07	38	39	37	38
2013-03-08	38	39	37	38
2013-03-11	39	39	39	39
2013-03-12	39	39	39	39
2013-03-13	39	39	39	39
2013-03-14	39	39	37	37
2013-03-15	37	37	35	35
2013-03-18	35	36	35	35
2013-03-19	35	36	35	35
2013-03-20	35	36	35	36
2013-03-21	36	37	36	36
2013-03-22	36	37	36	37
2013-03-25	37	39	37	38
2013-03-26	38	38	38	38
2013-03-27	38	38	37	38
2013-03-28	38	38	38	38
2013-04-01	42	47	42	44
2013-04-02	44	46	44	44
2013-04-03	43	43	40	41
2013-04-04	41	42	41	42
2013-04-05	42	42	41	41
2013-04-08	42	43	42	42
2013-04-09	42	42	40	41
2013-04-10	41	42	41	42
2013-04-11	42	45	42	44
2013-04-12	43	45	43	44
2013-04-15	44	44	43	43
2013-04-16	44	46	44	46
2013-04-17	46	46	45	45
2013-04-18	46	48	45	47
2013-04-19	47	50	47	48
2013-04-22	49	50	48	50
2013-04-23	51	53	51	51
2013-04-24	51	51	49	50
2013-04-25	51	52	51	52
2013-04-26	53	54	51	51
2013-04-29	52	55	51	55
2013-04-30	56	58	54	54
2013-05-01	56	56	53	53
2013-05-02	54	55	54	54
2013-05-03	56	56	55	55
2013-05-06	56	60	56	60
2013-05-07	62	62	55	56
2013-05-08	58	58	56	56
2013-05-09	70	76	64	69
2013-05-10	70	81	69	77
2013-05-13	81	88	79	88
2013-05-14	94	97	81	83
2013-05-15	82	87	78	85
2013-05-16	95	95	89	92
2013-05-17	93	94	88	92
2013-05-20	91	93	89	90
2013-05-21	89	90	85	88
2013-05-22	86	91	86	87
2013-05-23	85	93	83	93
2013-05-24	93	98	92	97
2013-05-28	102	111	100	110
2013-05-29	114	115	99	105
2013-05-30	102	110	101	105
2013-05-31	106	106	98	98
2013-06-03	98	98	88	93
2013-06-04	93	96	92	95
2013-06-05	94	98	89	95
2013-06-06	95	99	95	97
2013-06-07	98	103	97	102
2013-06-10	99	103	99	100
2013-06-11	98	99	94	94
2013-06-12	97	100	96	98
2013-06-13	99	99	95	98
2013-06-14	100	103	99	100
2013-06-17	104	105	101	102
2013-06-18	102	104	99	103
2013-06-19	102	107	102	105
2013-06-20	105	107	99	101
2013-06-21	104	104	98	100
2013-06-24	97	103	95	101
2013-06-25	103	104	101	102
2013-06-26	104	106	103	106
2013-06-27	107	110	106	109
2013-06-28	109	109	107	107
2013-07-01	109	118	109	117
2013-07-02	118	122	116	118
2013-07-03	118	119	114	115
2013-07-05	118	120	116	120
2013-07-08	121	122	119	122
2013-07-09	125	125	122	123
2013-07-10	123	123	121	122
2013-07-11	125	126	122	126
2013-07-12	126	130	125	130
2013-07-15	133	133	127	127
2013-07-16	126	126	107	109
2013-07-17	107	122	105	120
2013-07-18	121	123	116	119
2013-07-19	119	121	117	120
2013-07-22	120	127	120	122
2013-07-23	124	126	122	123
2013-07-24	124	125	120	122
2013-07-25	120	125	120	124
2013-07-26	128	131	127	129
2013-07-29	129	135	128	135
2013-07-30	135	137	128	132
2013-07-31	133	135	131	134
2013-08-01	135	137	133	136
2013-08-02	135	138	134	138
2013-08-05	140	145	140	145
2013-08-06	145	146	141	142
2013-08-07	142	142	132	134
2013-08-08	154	159	150	153
2013-08-09	152	156	151	153
2013-08-12	149	151	142	147
2013-08-13	150	150	144	145
2013-08-14	143	145	138	139
2013-08-15	136	144	135	140
2013-08-16	142	144	141	142
2013-08-19	143	147	143	145
2013-08-20	149	150	147	150
2013-08-21	150	150	146	148
2013-08-22	149	157	148	157
2013-08-23	157	162	155	162
2013-08-26	165	173	160	164
2013-08-27	162	169	161	167
2013-08-28	169	172	163	166
2013-08-29	164	168	163	166
2013-08-30	166	169	164	169
2013-09-03	173	174	166	169
2013-09-04	170	172	166	171
2013-09-05	170	172	168	170
2013-09-06	169	170	165	167
2013-09-09	163	165	159	161
2013-09-10	161	168	161	166
2013-09-11	166	168	162	164
2013-09-12	164	167	161	165
2013-09-13	163	166	162	166
2013-09-16	168	171	166	167
2013-09-17	165	168	163	166
2013-09-18	167	167	164	166
2013-09-19	171	180	169	178
2013-09-20	179	186	179	183
2013-09-23	184	185	177	181
2013-09-24	179	185	178	182
2013-09-25	184	186	181	185
2013-09-26	187	190	186	189
2013-09-27	188	191	186	191
2013-09-30	189	195	188	193
2013-10-01	194	194	188	193
2013-10-02	189	192	175	181
2013-10-03	175	180	168	173
2013-10-04	176	181	173	181
2013-10-07	182	187	180	183
2013-10-08	184	186	173	175
2013-10-09	175	175	162	169
2013-10-10	173	176	170	173
2013-10-11	173	179	171	179
2013-10-14	175	183	174	180
2013-10-15	185	189	183	184
2013-10-16	185	187	182	184
2013-10-17	184	185	181	183
2013-10-18	184	186	183	183
2013-10-21	183	183	171	173
2013-10-22	171	178	166	172
2013-10-23	169	172	160	165
2013-10-24	165	175	163	173
2013-10-25	174	175	167	170
2013-10-28	170	171	162	163
2013-10-29	163	165	153	164
2013-10-30	165	168	158	159
2013-10-31	156	162	153	160
2013-11-01	163	166	160	162
2013-11-04	165	175	164	175
2013-11-05	180	181	171	177
2013-11-06	155	161	146	151
2013-11-07	144	146	138	140
2013-11-08	136	141	132	138
2013-11-11	141	145	137	145
2013-11-12	145	145	136	138
2013-11-13	141	142	136	139
2013-11-14	139	140	134	138
2013-11-15	137	138	134	135
2013-11-18	135	135	120	122
2013-11-19	119	129	119	126
2013-11-20	126	127	119	121
2013-11-21	123	125	120	122
2013-11-22	122	123	118	121
2013-11-25	125	126	120	121
2013-11-26	119	123	116	121
2013-11-27	122	127	120	127
2013-11-29	130	131	127	127
2013-12-02	126	129	124	124
2013-12-03	133	145	132	145
2013-12-04	144	144	137	139
2013-12-05	140	143	140	140
2013-12-06	142	142	136	137
2013-12-09	137	142	134	142
2013-12-10	140	146	140	142
2013-12-11	142	143	139	140
2013-12-12	140	148	139	147
2013-12-13	148	152	147	148
2013-12-16	148	150	146	148
2013-12-17	148	155	146	152
2013-12-18	152	155	146	148
2013-12-19	147	147	139	141
2013-12-20	142	144	142	143
2013-12-23	145	146	143	144
2013-12-24	150	155	150	151
2013-12-26	155	158	154	156
2013-12-27	155	155	151	151
2013-12-30	151	155	151	152
2013-12-31	152	153	149	150
2014-01-02	150	152	147	150
2014-01-03	150	152	149	150
2014-01-06	150	150	145	147
2014-01-07	148	150	145	149
2014-01-08	149	154	149	151
2014-01-09	153	153	147	148
2014-01-10	148	149	142	146
2014-01-13	146	147	138	139
2014-01-14	141	162	137	161
2014-01-15	168	172	162	164
2014-01-16	163	173	162	171
2014-01-17	170	173	168	170
2014-01-21	171	177	171	177
2014-01-22	178	180	175	179
2014-01-23	177	182	173	182
2014-01-24	178	180	174	175
2014-01-27	175	178	165	170
2014-01-28	172	179	171	178
2014-01-29	175	179	173	175
2014-01-30	178	185	177	183
2014-01-31	179	186	179	181
2014-02-03	183	185	175	177
2014-02-04	181	182	176	179
2014-02-05	178	181	169	174
2014-02-06	176	180	176	178
2014-02-07	181	187	180	187
2014-02-10	189	199	189	197
2014-02-11	199	202	193	197
2014-02-12	196	198	194	195
2014-02-13	193	203	193	200
2014-02-14	198	202	197	198
2014-02-18	205	206	201	204
2014-02-19	204	204	193	194
2014-02-20	215	215	206	210
2014-02-21	212	214	209	210
2014-02-24	209	218	208	218
2014-02-25	230	259	228	248
2014-02-26	259	265	248	253
2014-02-27	261	262	248	253
2014-02-28	250	253	243	245
2014-03-03	237	252	235	251
2014-03-04	258	260	253	255
2014-03-05	257	257	252	253
2014-03-06	254	258	249	253
2014-03-07	253	255	244	246
2014-03-10	243	243	236	239
2014-03-11	237	245	232	234
2014-03-12	232	248	231	241
2014-03-13	244	244	234	238
2014-03-14	235	237	228	231
2014-03-17	235	238	231	234
2014-03-18	237	242	235	240
2014-03-19	241	242	234	236
2014-03-20	236	239	233	235
2014-03-21	236	236	228	229
2014-03-24	230	230	210	220
2014-03-25	224	227	218	220
2014-03-26	222	223	211	213
2014-03-27	212	214	203	207
2014-03-28	213	217	210	212
2014-03-31	217	217	206	208
2014-04-01	209	218	209	217
2014-04-02	220	231	218	230
2014-04-03	230	236	222	225
2014-04-04	226	228	211	212
2014-04-07	206	216	204	208
2014-04-08	210	216	206	215
2014-04-09	217	218	211	217
2014-04-10	217	218	204	204
2014-04-11	201	207	199	204
2014-04-14	208	208	194	198
2014-04-15	199	199	184	194
2014-04-16	197	200	191	199
2014-04-17	200	202	194	198
2014-04-21	197	206	194	204
2014-04-22	206	219	205	219
2014-04-23	216	217	207	208
2014-04-24	211	213	203	208
2014-04-25	202	207	198	200
2014-04-28	200	204	191	199
2014-04-29	198	207	196	207
2014-04-30	204	208	201	208
2014-05-01	207	214	206	208
2014-05-02	209	211	207	211
2014-05-05	209	218	209	217
2014-05-06	217	219	207	207
2014-05-07	210	210	197	201
2014-05-08	182	194	178	179
2014-05-09	180	183	177	182
2014-05-12	184	187	180	185
2014-05-13	184	191	183	190
2014-05-14	189	193	187	191
2014-05-15	190	193	185	189
2014-05-16	189	192	188	192
2014-05-19	191	197	190	196
2014-05-20	197	199	193	195
2014-05-21	196	200	195	199
2014-05-22	200	207	200	205
2014-05-23	205	208	203	207
2014-05-27	209	214	208	212
2014-05-28	210	213	205	210
2014-05-29	211	212	208	210
2014-05-30	210	215	207	208
2014-06-02	207	209	202	205
2014-06-03	203	208	203	205
2014-06-04	204	206	200	204
2014-06-05	204	209	204	207
2014-06-06	210	211	207	208
2014-06-09	208	210	204	205
2014-06-10	204	207	202	202
2014-06-11	202	205	199	204
2014-06-12	205	210	203	204
2014-06-13	205	207	202	206
2014-06-16	207	225	206	225
2014-06-17	224	236	223	232
2014-06-18	232	232	226	227
2014-06-19	229	235	227	228
2014-06-20	229	231	226	230
2014-06-23	230	239	228	237
2014-06-24	239	242	232	233
2014-06-25	233	238	230	237
2014-06-26	237	240	234	236
2014-06-27	235	240	235	239
2014-06-30	240	244	239	240
2014-07-01	242	243	239	240
2014-07-02	241	242	227	229
2014-07-03	231	232	224	229
2014-07-07	228	230	220	223
2014-07-08	219	221	214	219
2014-07-09	221	224	219	223
2014-07-10	217	222	216	219
2014-07-11	221	222	218	218
2014-07-14	220	229	215	227
2014-07-15	227	228	218	220
2014-07-16	222	225	217	217
2014-07-17	216	221	214	215
2014-07-18	216	221	216	220
2014-07-23	220	225	219	222
2014-07-21	217	223	217	221
2014-07-24	223	225	221	224
2014-07-25	223	227	222	224
2014-07-28	224	232	221	225
2014-07-29	227	228	225	225
2014-07-30	222	230	221	229
2014-07-31	229	231	222	223
2014-08-01	226	238	226	233
2014-08-06	239	251	239	249
2014-08-04	234	241	233	239
2014-08-07	250	257	249	252
2014-08-08	251	252	247	248
2014-08-11	255	264	255	259
2014-08-12	258	260	255	260
2014-08-13	262	266	260	260
2014-08-14	262	263	259	261
2014-08-15	261	262	259	262
2014-08-20	255	259	253	256
2014-08-18	263	267	260	260
2014-08-21	257	259	253	254
2014-08-22	255	257	253	257
2014-08-25	258	264	258	263
2014-08-26	265	266	262	262
2014-08-27	264	264	260	263
2014-08-28	262	264	262	264
2014-08-29	269	272	268	270
2014-09-04	284	291	280	286
2014-09-02	276	285	274	284
2014-09-05	283	283	273	277
2014-09-08	278	285	278	282
2014-09-09	283	285	277	278
2014-09-10	280	281	274	281
2014-09-11	280	285	279	280
2014-09-12	281	282	277	279
2014-09-15	274	274	249	254
2014-09-16	255	262	252	261
2014-09-17	262	265	260	261
2014-09-18	263	266	262	264
2014-09-19	258	261	255	259
2014-09-22	255	256	245	250
2014-09-23	245	254	245	250
2014-09-24	251	253	247	252
2014-09-25	253	255	246	247
2014-09-26	248	250	246	247
2014-09-29	244	249	241	245
2014-09-30	247	248	240	243
2014-10-01	242	243	236	240
2014-10-02	250	253	245	251
2014-10-03	253	257	251	255
2014-10-06	259	262	258	261
2014-10-07	259	261	256	260
2014-10-08	260	263	253	259
2014-10-09	262	266	254	257
2014-10-10	245	246	235	237
2014-10-13	239	239	221	225
2014-10-14	228	232	223	227
2014-10-15	220	231	217	230
2014-10-16	220	230	219	226
2014-10-17	233	235	227	227
2014-10-20	227	232	226	230
2014-10-21	234	235	231	235
2014-10-22	233	237	231	231
2014-10-23	235	236	232	235
2014-10-24	236	238	231	235
2014-10-27	234	235	220	222
2014-10-28	230	245	228	243
2014-10-29	241	242	236	238
2014-10-30	238	241	235	239
2014-10-31	243	243	239	242
2014-11-03	243	248	241	243
2014-11-04	240	242	237	239
2014-11-05	241	241	231	231
2014-11-06	234	247	229	241
2014-11-07	242	243	237	240
2014-11-10	239	243	237	242
2014-11-11	243	252	242	251
2014-11-12	250	252	246	249
2014-11-13	251	256	250	252
2014-11-14	250	259	249	259
2014-11-17	257	259	252	254
2014-11-18	256	260	256	258
2014-11-19	251	252	246	248
2014-11-20	248	251	246	249
2014-11-21	252	253	242	243
2014-11-24	245	248	241	247
2014-11-25	247	250	246	248
2014-11-26	248	249	247	248
2014-11-28	245	247	243	245
2014-12-01	241	242	229	232
2014-12-02	235	235	228	231
2014-12-03	226	230	226	229
2014-12-04	229	231	228	228
2014-12-05	229	229	222	224
2014-12-08	222	225	212	214
2014-12-09	209	218	204	217
2014-12-10	214	217	208	210
2014-12-11	211	215	208	209
2014-12-12	205	212	205	207
2014-12-15	209	210	203	204
2014-12-16	201	204	195	198
2014-12-17	193	207	193	206
2014-12-18	212	218	212	218
2014-12-19	220	220	215	219
2014-12-22	220	224	218	223
2014-12-23	224	224	220	221
2014-12-24	220	223	219	222
2014-12-26	222	229	222	228
2014-12-29	227	228	224	226
2014-12-30	224	226	221	222
2014-12-31	223	226	222	222
2015-01-02	223	223	213	219
2015-01-05	215	217	207	210
2015-01-06	210	214	204	211
2015-01-07	213	215	210	211
2015-01-08	213	214	210	211
2015-01-09	209	210	205	207
2015-01-12	203	204	199	202
2015-01-13	203	208	201	204
2015-01-14	186	195	185	193
2015-01-15	194	196	190	192
2015-01-16	191	194	190	193
2015-01-20	194	194	187	192
2015-01-21	190	199	190	197
2015-01-22	197	203	195	202
2015-01-23	200	204	198	201
2015-01-26	202	209	201	207
2015-01-27	204	208	203	206
2015-01-28	206	206	198	199
2015-01-29	201	206	197	205
2015-01-30	204	207	203	204
2015-02-02	204	212	203	211
2015-02-03	213	220	211	218
2015-02-04	218	221	217	219
2015-02-05	220	225	220	221
2015-02-06	222	223	217	217
2015-02-09	215	218	212	217
2015-02-10	218	221	215	216
2015-02-11	212	215	207	213
2015-02-12	194	203	193	203
2015-02-13	203	206	201	204
2015-02-17	206	206	202	204
2015-02-18	204	206	203	204
2015-02-19	205	212	204	212
2015-02-20	211	218	210	217
2015-02-23	216	218	206	207
2015-02-24	207	207	202	204
2015-02-25	205	207	203	204
2015-02-26	204	211	202	207
2015-02-27	207	209	203	203
2015-03-02	203	203	196	197
2015-03-03	197	200	195	200
2015-03-04	199	203	197	202
2015-03-05	203	206	200	201
2015-03-06	199	201	192	194
2015-03-09	194	194	188	191
2015-03-10	188	194	188	190
2015-03-11	191	196	191	194
2015-03-12	194	194	190	191
2015-03-13	189	192	187	189
2015-03-16	192	196	190	196
2015-03-17	195	199	194	195
2015-03-18	195	201	193	201
2015-03-19	202	205	195	196
2015-03-20	197	199	196	198
2015-03-23	199	201	197	200
2015-03-24	202	204	200	202
2015-03-25	198	199	193	194
2015-03-26	194	195	190	190
2015-03-27	189	189	181	185
2015-03-30	186	192	182	191
2015-03-31	194	194	188	189
2015-04-01	189	192	186	188
2015-04-02	190	193	190	191
2015-04-06	198	208	198	203
2015-04-07	203	205	201	203
2015-04-08	208	211	206	208
2015-04-09	208	210	206	210
2015-04-10	210	212	209	211
2015-04-13	210	213	209	210
2015-04-14	209	209	206	207
2015-04-15	207	210	207	208
2015-04-16	208	209	206	207
2015-04-17	205	207	204	207
2015-04-20	207	208	204	205
2015-04-21	206	211	204	209
2015-04-22	213	222	212	219
2015-04-23	218	221	217	219
2015-04-24	221	221	218	218
2015-04-27	223	239	222	232
2015-04-28	235	236	228	230
2015-04-29	230	235	228	232
2015-04-30	230	233	225	226
2015-05-01	230	232	220	226
2015-05-04	228	235	227	231
2015-05-05	238	240	229	233
2015-05-06	234	234	228	230
2015-05-07	221	237	220	237
2015-05-08	236	238	234	237
2015-05-11	236	243	235	239
2015-05-12	240	246	238	245
2015-05-13	248	248	242	243
2015-05-14	245	245	241	244
2015-05-15	244	249	243	249
2015-05-18	247	250	246	249
2015-05-19	248	251	246	247
2015-05-20	247	248	241	244
2015-05-21	243	247	242	246
2015-05-22	245	249	245	248
2015-05-26	248	252	247	247
2015-05-27	249	250	246	247
2015-05-28	247	252	245	251
2015-05-29	251	253	249	251
2015-06-01	251	252	247	249
2015-06-02	249	249	246	248
2015-06-03	248	251	247	249
2015-06-04	248	249	246	246
2015-06-05	246	250	246	249
2015-06-08	251	259	250	256
2015-06-09	255	258	254	256
2015-06-10	252	254	249	251
2015-06-11	253	254	250	251
2015-06-12	250	253	250	251
2015-06-15	250	251	246	250
2015-06-16	250	253	249	253
2015-06-17	252	264	252	260
2015-06-18	262	263	260	262
2015-06-19	262	264	260	263
2015-06-22	262	264	256	260
2015-06-23	260	268	259	268
2015-06-24	267	267	264	265
2015-06-25	266	271	265	269
2015-06-26	269	269	266	267
2015-06-29	262	266	261	262
2015-06-30	265	271	264	268
2015-07-01	271	273	268	269
2015-07-02	280	282	273	280
2015-07-06	279	282	276	280
2015-07-07	275	275	261	268
2015-07-08	259	261	254	255
2015-07-09	259	263	257	258
2015-07-10	262	263	258	259
2015-07-13	262	263	256	262
2015-07-14	262	266	261	266
2015-07-15	267	267	262	263
2015-07-16	264	267	263	267
2015-07-17	273	276	268	275
2015-07-20	275	287	273	282
2015-07-21	270	274	267	267
2015-07-22	261	269	261	268
2015-07-23	270	270	265	267
2015-07-24	267	271	264	265
2015-07-27	262	264	251	253
2015-07-28	256	265	252	265
2015-07-29	264	268	262	264
2015-07-30	263	267	262	267
2015-07-31	268	269	265	266
2015-08-03	266	267	257	260
2015-08-04	260	267	258	266
2015-08-05	264	271	260	270
2015-08-06	250	255	236	246
2015-08-07	244	244	238	243
2015-08-10	238	243	236	241
2015-08-11	237	239	234	237
2015-08-12	235	240	233	238
2015-08-13	240	246	239	243
2015-08-14	247	248	242	243
2015-08-17	256	257	251	255
2015-08-18	255	261	254	261
2015-08-19	260	261	255	255
2015-08-20	252	255	242	242
2015-08-21	236	244	231	231
2015-08-24	203	231	195	219
2015-08-25	231	231	219	220
2015-08-26	228	228	216	225
2015-08-27	231	245	231	243
2015-08-28	242	251	242	248
2015-08-31	246	255	246	249
2015-09-01	240	246	237	239
2015-09-02	245	248	240	248
2015-09-03	252	252	245	246
2015-09-04	241	244	238	242
2015-09-08	245	249	244	248
2015-09-09	252	254	248	249
2015-09-10	247	251	245	248
2015-09-11	248	250	245	250
2015-09-14	251	254	250	253
2015-09-15	253	255	250	254
2015-09-16	253	263	253	262
2015-09-17	264	266	261	262
2015-09-18	258	264	258	261
2015-09-21	264	272	256	264
2015-09-22	259	263	256	261
2015-09-23	262	262	258	261
2015-09-24	260	263	256	263
2015-09-25	267	267	256	257
2015-09-28	257	260	247	248
2015-09-29	250	255	245	247
2015-09-30	252	252	242	248
2015-10-01	248	249	237	240
2015-10-02	236	248	235	248
2015-10-05	249	250	244	246
2015-10-06	240	243	236	241
2015-10-07	237	238	229	232
2015-10-08	230	231	221	227
2015-10-09	221	224	218	221
2015-10-12	223	223	215	216
2015-10-13	213	223	211	219
2015-10-14	221	221	215	217
2015-10-15	216	222	214	221
2015-10-16	223	230	223	227
2015-10-19	227	231	225	228
2015-10-20	228	229	202	213
2015-10-21	212	215	209	210
2015-10-22	212	216	209	212
2015-10-23	215	215	208	209
2015-10-26	211	216	210	215
2015-10-27	215	217	208	210
2015-10-28	211	213	208	213
2015-10-29	212	214	211	212
2015-10-30	210	212	204	207
2015-11-02	209	216	207	214
2015-11-03	214	214	208	208
2015-11-04	227	233	225	232
2015-11-05	231	235	229	232
2015-11-06	231	233	230	232
2015-11-09	233	233	224	225
2015-11-10	223	224	216	217
2015-11-11	218	219	214	219
2015-11-12	218	219	213	213
2015-11-13	213	213	207	207
2015-11-16	206	215	206	214
2015-11-17	215	216	211	214
2015-11-18	215	221	213	221
2015-11-19	221	226	220	222
2015-11-20	223	225	214	220
2015-11-23	217	219	215	218
2015-11-24	215	221	215	218
2015-11-25	221	231	220	230
2015-11-27	231	232	227	232
2015-11-30	232	234	229	230
2015-12-01	231	238	231	237
2015-12-02	237	239	231	232
2015-12-03	235	237	230	233
2015-12-04	232	233	228	230
2015-12-07	228	236	226	231
2015-12-08	228	229	224	227
2015-12-09	227	228	221	225
2015-12-10	225	228	224	227
2015-12-11	225	226	217	217
2015-12-14	218	221	215	219
2015-12-15	222	222	218	221
2015-12-16	222	235	221	235
2015-12-17	234	238	230	233
2015-12-18	233	236	229	230
2015-12-21	232	236	231	233
2015-12-22	235	237	230	230
2015-12-23	232	233	228	230
2015-12-24	231	232	228	231
2015-12-28	231	232	226	229
2015-12-29	230	238	230	237
2015-12-30	237	244	236	238
2015-12-31	239	243	238	240
2016-01-04	231	231	219	223
2016-01-05	226	227	220	223
2016-01-06	220	220	216	219
2016-01-07	214	218	214	216
2016-01-08	218	220	211	211
2016-01-11	214	214	203	208
2016-01-12	212	214	205	210
2016-01-13	212	213	200	200
2016-01-14	202	210	193	206
2016-01-15	199	205	197	205
2016-01-19	209	210	201	205
2016-01-20	199	201	191	199
2016-01-21	202	203	195	200
2016-01-22	205	206	199	203
2016-01-25	200	204	196	196
2016-01-26	197	198	189	194
2016-01-27	192	193	186	188
2016-01-28	191	191	182	190
2016-01-29	190	194	188	191
2016-02-01	189	200	183	197
2016-02-02	192	193	180	183
2016-02-03	184	184	170	173
2016-02-04	171	176	167	175
2016-02-05	171	173	158	163
2016-02-08	157	157	146	148
2016-02-09	142	160	141	148
2016-02-10	151	155	142	144
2016-02-11	152	163	147	150
2016-02-12	155	157	144	151
2016-02-16	159	163	154	155
2016-02-17	159	169	157	169
2016-02-18	172	173	165	167
2016-02-19	164	167	163	167
2016-02-22	170	179	170	178
2016-02-23	176	182	174	177
2016-02-24	173	180	168	179
2016-02-25	179	189	175	187
2016-02-26	189	192	185	190
2016-02-29	192	196	189	192
2016-03-01	194	196	183	186
2016-03-02	184	189	182	188
2016-03-03	188	197	184	196
2016-03-04	198	204	198	201
2016-03-07	198	210	197	205
2016-03-08	204	208	202	203
2016-03-09	205	209	203	209
2016-03-10	210	213	201	205
2016-03-11	208	209	205	208
2016-03-14	213	217	211	215
2016-03-15	214	219	212	218
2016-03-16	218	223	217	222
2016-03-17	221	229	220	226
2016-03-18	229	234	228	233
2016-03-21	235	240	235	238
2016-03-22	237	239	233	234
2016-03-23	232	235	222	223
2016-03-24	216	229	215	228
2016-03-28	232	235	225	230
2016-03-29	230	232	225	230
2016-03-30	235	236	227	227
2016-03-31	229	237	225	230
2016-04-01	245	248	233	238
2016-04-04	249	252	244	247
2016-04-05	241	257	240	255
2016-04-06	254	268	253	265
2016-04-07	266	269	255	257
2016-04-08	261	261	248	250
2016-04-11	251	259	245	250
2016-04-12	250	252	244	248
2016-04-13	249	256	247	255
2016-04-14	253	257	251	252
2016-04-15	251	255	249	255
2016-04-18	252	258	252	254
2016-04-19	253	254	241	247
2016-04-20	246	254	242	250
2016-04-21	249	251	247	248
2016-04-22	249	254	246	254
2016-04-25	253	257	251	252
2016-04-26	252	256	249	254
2016-04-27	253	255	249	251
2016-04-28	250	253	247	248
2016-04-29	248	248	238	241
2016-05-02	242	243	235	242
2016-05-03	237	239	232	232
2016-05-04	230	234	220	223
2016-05-05	228	229	210	212
2016-05-06	211	216	208	215
2016-05-09	216	216	207	209
2016-05-10	208	209	205	209
2016-05-11	208	215	206	209
2016-05-12	211	212	204	207
2016-05-13	208	211	207	208
2016-05-16	208	213	208	208
2016-05-17	209	210	204	205
2016-05-18	209	215	208	211
2016-05-19	214	217	207	215
2016-05-20	217	221	216	220
2016-05-23	220	223	216	216
2016-05-24	217	219	215	218
2016-05-25	218	221	217	220
2016-05-26	221	225	219	225
2016-05-27	225	226	221	223
2016-05-31	223	225	222	223
2016-06-01	221	222	217	220
2016-06-02	220	220	217	219
2016-06-03	220	222	218	219
2016-06-06	218	221	215	221
2016-06-07	222	234	222	232
2016-06-08	234	241	233	236
2016-06-09	235	235	227	229
2016-06-10	227	228	218	219
2016-06-13	220	226	218	218
2016-06-14	219	222	213	215
2016-06-15	217	222	215	218
2016-06-16	217	218	214	218
2016-06-17	218	220	215	215
2016-06-20	220	224	218	220
2016-06-21	221	223	219	220
2016-06-22	199	206	196	197
2016-06-23	196	198	192	196
2016-06-24	190	195	190	193
2016-06-27	191	199	188	199
2016-06-28	202	204	199	202
2016-06-29	205	212	203	210
2016-06-30	213	213	209	212
2016-07-01	206	218	206	217
2016-07-05	210	215	208	214
2016-07-06	210	215	209	214
2016-07-07	213	218	213	216
2016-07-08	218	220	215	217
2016-07-11	220	227	220	225
2016-07-12	224	228	223	225
2016-07-13	226	226	220	223
2016-07-14	223	225	221	222
2016-07-15	223	223	220	220
2016-07-18	220	227	218	226
2016-07-19	225	229	225	225
2016-07-20	226	230	225	228
2016-07-21	226	228	219	221
2016-07-22	222	225	219	222
2016-07-25	222	231	221	230
2016-07-26	228	230	225	230
2016-07-27	229	233	227	228
2016-07-28	228	231	227	231
2016-07-29	231	235	230	235
2016-08-01	236	237	229	230
2016-08-02	229	230	221	227
2016-08-03	227	230	224	226
2016-08-04	226	231	222	231
2016-08-05	230	232	227	230
2016-08-08	228	230	226	226
2016-08-09	227	232	227	229
2016-08-10	228	230	225	226
2016-08-11	226	228	223	225
2016-08-12	225	227	224	226
2016-08-15	226	230	225	226
2016-08-16	225	227	223	224
2016-08-17	224	225	223	223
2016-08-18	224	226	222	224
2016-08-19	224	225	223	225
2016-08-22	224	225	223	223
2016-08-23	224	228	223	225
2016-08-24	227	227	222	223
2016-08-25	223	224	221	221
2016-08-26	222	223	219	220
2016-08-29	220	220	215	215
2016-08-30	216	216	211	211
2016-08-31	210	213	209	212
2016-09-01	209	211	201	201
2016-09-02	202	203	196	198
2016-09-06	199	203	199	203
2016-09-07	206	206	201	202
2016-09-08	200	200	196	197
2016-09-09	199	200	194	194
2016-09-12	195	201	194	198
2016-09-13	197	198	193	196
2016-09-14	196	198	195	196
2016-09-15	196	203	196	200
2016-09-16	200	206	199	205
2016-09-19	207	209	205	206
2016-09-20	207	208	204	205
2016-09-21	206	207	202	205
2016-09-22	206	207	203	206
2016-09-23	206	210	206	207
2016-09-26	207	211	207	209
2016-09-27	210	210	205	206
2016-09-28	208	208	205	206
2016-09-29	206	207	201	201
2016-09-30	202	205	200	204
2016-10-03	212	216	208	214
2016-10-04	213	213	209	211
2016-10-05	212	213	208	208
2016-10-06	202	204	200	201
2016-10-07	201	201	196	197
2016-10-10	201	204	200	201
2016-10-11	202	202	198	200
2016-10-12	201	204	200	202
2016-10-13	201	201	197	200
2016-10-14	201	201	196	197
2016-10-17	197	198	192	194
2016-10-18	196	199	193	199
2016-10-19	200	207	198	204
2016-10-20	202	203	197	199
2016-10-21	199	202	197	200
2016-10-24	201	204	200	203
2016-10-25	203	205	201	202
2016-10-26	201	203	200	202
2016-10-27	211	214	202	204
2016-10-28	204	205	200	200
2016-10-31	202	202	196	198
2016-11-01	198	199	188	191
2016-11-02	190	193	188	188
2016-11-03	189	191	187	187
2016-11-04	189	193	186	191
2016-11-07	194	194	190	193
2016-11-08	194	197	191	195
2016-11-09	187	192	184	190
2016-11-10	191	192	180	185
2016-11-11	184	189	183	189
2016-11-14	188	188	178	181
2016-11-15	183	186	182	184
2016-11-16	183	185	181	184
2016-11-17	183	189	182	189
2016-11-18	191	193	185	185
2016-11-21	185	189	184	185
2016-11-22	186	191	184	191
2016-11-23	191	196	189	193
2016-11-25	194	197	194	197
2016-11-28	195	199	195	196
2016-11-29	196	197	190	190
2016-11-30	191	192	188	189
2016-12-01	188	189	181	182
2016-12-02	183	185	180	181
2016-12-05	183	189	183	187
2016-12-06	186	187	183	186
2016-12-07	186	193	185	193
2016-12-08	192	193	190	192
2016-12-09	191	194	191	192
2016-12-12	193	194	191	192
2016-12-13	193	201	193	198
2016-12-14	199	203	197	199
2016-12-15	198	201	197	198
2016-12-16	198	203	198	202
2016-12-19	202	204	200	203
2016-12-20	203	209	203	209
2016-12-21	208	212	207	208
2016-12-22	208	210	207	208
2016-12-23	208	213	208	213
2016-12-27	215	222	214	220
2016-12-28	222	224	217	220
2016-12-29	219	219	214	215
2016-12-30	216	218	212	214
2017-01-03	215	220	211	217
2017-01-04	215	228	214	227
2017-01-05	226	227	222	227
2017-01-06	227	230	225	229
2017-01-09	229	232	228	231
2017-01-10	232	232	227	230
2017-01-11	229	230	227	230
2017-01-12	229	231	226	230
2017-01-13	230	238	230	238
2017-01-17	237	240	234	236
2017-01-18	237	240	236	238
2017-01-19	247	249	241	244
2017-01-20	245	246	243	245
2017-01-23	246	251	246	249
2017-01-24	250	255	250	255
2017-01-25	257	258	252	254
2017-01-26	254	256	251	253
2017-01-27	251	253	249	253
2017-01-30	253	255	247	251
2017-01-31	249	256	248	252
2017-02-01	253	253	249	249
2017-02-02	248	252	248	252
2017-02-03	252	252	250	251
2017-02-06	251	258	251	258
2017-02-07	258	260	256	257
2017-02-08	257	263	256	262
2017-02-09	266	271	266	269
2017-02-10	270	271	266	269
2017-02-13	271	281	271	281
2017-02-14	279	287	279	281
2017-02-15	280	282	276	280
2017-02-16	278	280	269	269
2017-02-17	266	273	264	272
2017-02-21	275	281	274	277
2017-02-22	280	283	273	274
2017-02-23	264	265	256	256
2017-02-24	253	258	250	257
2017-02-27	248	248	242	246
2017-02-28	244	251	244	250
2017-03-01	254	255	249	250
2017-03-02	250	253	248	250
2017-03-03	251	252	249	252
2017-03-06	248	252	248	251
2017-03-07	252	254	248	249
2017-03-08	247	250	245	247
2017-03-09	248	249	243	245
2017-03-10	246	247	243	244
2017-03-13	245	247	243	246
2017-03-14	246	258	246	258
2017-03-15	257	261	254	256
2017-03-16	262	266	259	262
2017-03-17	264	265	261	262
2017-03-20	261	265	259	262
2017-03-21	263	265	250	251
2017-03-22	252	255	251	255
2017-03-23	255	258	253	255
2017-03-24	256	264	255	263
2017-03-27	261	271	260	270
2017-03-28	277	281	275	277
2017-03-29	278	280	276	277
2017-03-30	278	282	277	278
2017-03-31	279	280	276	278
2017-04-03	287	299	285	299
2017-04-04	297	305	295	304
2017-04-05	302	305	294	295
2017-04-06	297	302	294	299
2017-04-07	298	303	297	303
2017-04-10	309	314	309	312
2017-04-11	313	313	306	309
2017-04-12	306	308	296	297
2017-04-13	297	307	295	304
2017-04-17	303	304	299	301
2017-04-18	300	301	298	300
2017-04-19	302	307	302	306
2017-04-20	307	309	300	303
2017-04-21	302	306	300	306
2017-04-24	309	311	306	308
2017-04-25	308	314	306	314
2017-04-26	312	315	309	310
2017-04-27	312	313	308	309
2017-04-28	310	315	308	314
2017-05-01	315	327	315	323
2017-05-02	324	328	317	319
2017-05-03	318	322	310	311
2017-05-04	307	308	291	295
2017-05-05	298	309	297	308
2017-05-08	311	314	306	307
2017-05-09	309	322	309	321
2017-05-10	322	326	318	325
2017-05-11	323	326	320	323
2017-05-12	325	327	322	325
2017-05-15	318	320	313	316
2017-05-16	318	320	315	317
2017-05-17	314	315	306	306
2017-05-18	307	314	305	313
2017-05-19	316	317	310	311
2017-05-22	313	314	307	310
2017-05-23	310	311	303	304
2017-05-24	307	311	305	310
2017-05-25	311	317	308	317
2017-05-26	317	325	316	325
2017-05-30	326	336	326	335
2017-05-31	338	343	335	341
2017-06-01	344	345	337	340
2017-06-02	340	343	336	340
2017-06-05	339	348	334	347
2017-06-06	345	359	340	353
2017-06-07	356	361	355	360
2017-06-08	364	372	360	370
2017-06-09	374	377	355	357
2017-06-12	358	365	351	359
2017-06-13	368	376	367	376
2017-06-14	381	384	376	381
2017-06-15	373	375	366	375
2017-06-16	378	378	370	371
2017-06-19	375	377	368	370
2017-06-20	377	379	370	372
2017-06-21	374	377	368	376
2017-06-22	378	385	374	383
2017-06-23	382	387	379	383
2017-06-26	387	387	373	377
2017-06-27	376	376	362	362
2017-06-28	367	372	363	371
2017-06-29	371	371	354	361
2017-06-30	364	367	360	362
2017-07-03	370	371	352	353
2017-07-05	347	347	326	327
2017-07-06	317	321	306	309
2017-07-07	314	317	307	313
2017-07-10	313	318	303	316
2017-07-11	316	327	314	327
2017-07-12	330	333	325	330
2017-07-13	330	332	320	323
2017-07-14	323	328	321	328
2017-07-17	326	327	313	320
2017-07-18	318	329	316	328
2017-07-19	328	332	323	325
2017-07-20	327	330	324	330
2017-07-21	329	331	326	328
2017-07-24	330	343	330	343
2017-07-25	345	346	334	340
2017-07-26	340	346	338	344
2017-07-27	346	348	326	334
2017-07-28	337	340	333	335
2017-07-31	336	341	321	323
2017-08-01	323	324	316	320
2017-08-02	319	327	311	326
2017-08-03	345	350	343	347
2017-08-04	347	357	343	357
2017-08-07	357	359	353	355
2017-08-08	358	369	357	365
2017-08-09	361	370	359	364
2017-08-10	362	367	355	355
2017-08-11	357	361	354	358
2017-08-14	365	368	363	364
2017-08-15	365	365	359	362
2017-08-16	363	367	363	363
2017-08-17	361	363	352	352
2017-08-18	353	354	346	347
2017-08-21	346	346	332	338
2017-08-22	341	342	337	341
2017-08-23	339	353	338	353
2017-08-24	353	357	350	353
2017-08-25	354	356	347	348
2017-08-28	347	347	340	346
2017-08-29	339	349	339	347
2017-08-30	350	353	347	353
2017-08-31	354	358	353	356
2017-09-01	356	358	354	355
2017-09-05	354	355	346	350
2017-09-06	350	351	342	345
2017-09-07	346	352	343	351
2017-09-08	349	350	342	343
2017-09-11	351	364	350	364
2017-09-12	364	369	360	363
2017-09-13	364	368	360	366
2017-09-14	364	378	363	378
2017-09-15	375	380	373	380
2017-09-18	380	390	378	385
2017-09-19	380	382	374	375
2017-09-20	373	378	371	374
2017-09-21	375	377	365	366
2014-07-22	222	223	219	220
2012-07-06	31	32	31	31
2011-06-30	29	29	28	29
2010-12-28	26	27	25	26
2010-09-27	20	21	20	21
2010-08-11	19	19	18	18
2010-07-20	22	22	20	20
2010-07-08	16	18	16	17
2010-07-01	25	26	20	22
2010-06-29	19	25	18	24
2014-08-05	237	243	236	238
2012-07-19	33	33	32	32
2011-07-13	28	29	28	29
2011-01-06	27	28	27	28
2010-10-05	21	21	21	21
2010-08-18	20	20	19	19
2010-07-26	22	22	20	21
2010-07-13	17	19	17	18
2010-07-06	20	20	16	16
2010-07-02	23	23	19	19
2014-08-19	259	259	252	257
2012-08-01	28	28	26	26
2011-07-25	29	29	28	28
2011-01-18	25	26	25	26
2010-10-13	21	21	20	21
2010-08-25	19	20	19	20
2010-07-30	20	20	20	20
2010-07-16	21	21	20	21
2010-07-07	16	17	15	16
2010-07-09	18	18	17	17
2014-09-03	288	288	280	281
2012-08-14	31	31	29	29
2011-08-04	27	27	25	25
2011-01-27	25	25	25	25
2010-10-21	21	21	20	21
2010-09-01	20	21	20	20
2010-08-05	22	22	20	20
2010-07-22	21	21	20	21
2010-07-12	18	18	17	17
2010-07-14	18	20	18	20